<?xml version="1.0" encoding="UTF-8"?>
<metadata>
  <idinfo>
    <citation>
      <citeinfo>
        <origin>R. Steve Regan</origin>
        <origin>Jacob H. LaFontaine</origin>
        <pubdate>2017</pubdate>
        <title>Precipitation Runoff Modeling System Output Data from Hydrologic Simulations of the Upper Chattahoochee River Basin in Northeast Georgia, United States</title>
        <geoform>Appendices containing one Excel file and csv files</geoform>
        <pubinfo>
          <pubplace>South Atlantic Water Science Center, Norcross, GA</pubplace>
          <publish>U.S. Geological Survey data release</publish>
        </pubinfo>
        <onlink>https://doi.org/10.5066/F7XG9PCF</onlink>
      </citeinfo>
    </citation>
    <descript>
      <abstract>The upper Chattahoochee River Basin in northeast Georgia was modeled to produce seven example simulations of streamflow for demonstration of enhancements to the Precipitation Runoff Modeling System (PRMS). These data document the PRMS output data files from each of these simulations. Output files for the following simulations are included: 1) a baseline simulation of the existing model (includes HRU summary and basin variables output modules, and updates to depression storage), 2) a simulation using the dynamic parameters enhancement, 3) a simulation that generates an initial conditions file, 4) a simulation that uses a previously generated initial conditions file, 5) a simulation that uses the flow replacement option in the new muskingum_lake module, 6) a simulation that uses the flow through option in the new muskingum_lake module, and 7) a simulation that uses the new water use module.</abstract>
      <purpose>These data document the output from the PRMS model used as an example application for a USGS Techniques and Methods report.&#xD;
&#xD;
Regan, R.S., and LaFontaine, J.H., 2017, Documentation of the Dynamic Parameter, Water-Use, Stream and Lake Flow Routing, and Two Summary Output Modules and Updates to Surface-Depression Storage Simulation and Initial Conditions Specification Options with the Precipitation-Runoff Modeling System (PRMS): U.S. Geological Survey Techniques and Methods Report.</purpose>
      <supplinf>Please note limitations described in the text before using or referring to the input/output data.</supplinf>
    </descript>
    <timeperd>
      <timeinfo>
        <rngdates>
          <begdate>19810101</begdate>
          <enddate>19991231</enddate>
        </rngdates>
      </timeinfo>
      <current>publication date</current>
    </timeperd>
    <status>
      <progress>Complete</progress>
      <update>Not planned</update>
    </status>
    <spdom>
      <bounding>
        <westbc>-84.5</westbc>
        <eastbc>-83.5</eastbc>
        <northbc>35.0</northbc>
        <southbc>33.5</southbc>
      </bounding>
    </spdom>
    <keywords>
      <theme>
        <themekt>USGS Thesaurus</themekt>
        <themekey>streamflow</themekey>
        <themekey>model</themekey>
        <themekey>streamflow modeling</themekey>
      </theme>
      <place>
        <placekt>Geographic Names Information System</placekt>
        <placekey>Chattahoochee River</placekey>
      </place>
    </keywords>
    <accconst>No access constraints as all data is open and non-proprietary.</accconst>
    <useconst>Please note limitations as noted in text.</useconst>
    <ptcontac>
      <cntinfo>
        <cntperp>
          <cntper>Jacob H. LaFontaine</cntper>
          <cntorg>South Atlantic Water Science Center</cntorg>
        </cntperp>
        <cntaddr>
          <addrtype>mailing and physical</addrtype>
          <address>1770 Corporate Drive, Suite 500</address>
          <city>Norcross</city>
          <state>GA</state>
          <postal>30093</postal>
          <country>US</country>
        </cntaddr>
        <cntvoice>678-924-6664</cntvoice>
        <cntemail>jlafonta@usgs.gov</cntemail>
      </cntinfo>
    </ptcontac>
    <datacred>USGS National Water Census</datacred>
    <crossref>
      <citeinfo>
        <origin>LaFontaine, J.H., Hay, L.E., Viger, R.J., Markstrom, S.L., Regan, R.S., Elliott, C.M., and Jones, J.W.</origin>
        <pubdate>2013</pubdate>
        <title>Application of the Precipitation-Runoff Modeling System (PRMS) in the Apalachicola-Chattahoochee-Flint River Basin in the southeastern United States</title>
        <pubinfo>
          <pubplace>Georgia Water Science Center</pubplace>
          <publish>U.S. Geological Survey</publish>
        </pubinfo>
        <onlink>https://pubs.er.usgs.gov/publication/sir20135162</onlink>
      </citeinfo>
    </crossref>
  </idinfo>
  <dataqual>
    <attracc>
      <attraccr>No formal attribute accuracy tests were conducted.</attraccr>
    </attracc>
    <logic>No formal logical accuracy tests were conducted.</logic>
    <complete>Data set is considered complete for the information presented, as described in the abstract. Users are advised to read the rest of the metadata record carefully for additional details.</complete>
    <posacc>
      <horizpa>
        <horizpar>A formal accuracy assessment of the horizontal positional information in the data set has not been conducted.</horizpar>
      </horizpa>
      <vertacc>
        <vertaccr>A formal accuracy assessment of the vertical positional information in the data set has either not been conducted, or is not applicable.</vertaccr>
      </vertacc>
    </posacc>
    <lineage>
      <srcinfo>
        <srccite>
          <citeinfo>
            <origin>Maurer, E. P., Wood, A.W., Adam, J.C., and Lettenmaier, D.P.</origin>
            <pubdate>2002</pubdate>
            <title>Gridded Observed Meteorological Data, 1950-1999</title>
            <geoform>Raster Digital Data Set</geoform>
            <pubinfo>
              <pubplace>http://journals.ametsoc.org/doi/abs/10.1175/JCLI-D-12-00508.1</pubplace>
              <publish>American Meteorological Society</publish>
            </pubinfo>
            <onlink>https://cida.usgs.gov/thredds/dodsC/gmo/GMO_w_meta.ncml.html</onlink>
          </citeinfo>
        </srccite>
        <typesrc>Digital and/or Hardcopy Resources</typesrc>
        <srctime>
          <timeinfo>
            <rngdates>
              <begdate>19500101</begdate>
              <enddate>19991231</enddate>
            </rngdates>
          </timeinfo>
          <srccurr>publication date</srccurr>
        </srctime>
        <srccitea>Maurer</srccitea>
        <srccontr>Used for driving PRMS hydrologic simulations</srccontr>
      </srcinfo>
      <srcinfo>
        <srccite>
          <citeinfo>
            <origin>LaFontaine, J.H., Hay, L.E., Viger, R.J., Markstrom, S.L., Regan, R.S., Elliott, C.M., and Jones, J.W.</origin>
            <pubdate>2013</pubdate>
            <title>Application of the Precipitation-Runoff Modeling System (PRMS) in the Apalachicola–Chattahoochee–Flint River Basin in the southeastern United States</title>
            <geoform>Vector Digital Data Set</geoform>
            <pubinfo>
              <pubplace>U.S. Geological Survey Publications Warehouse</pubplace>
              <publish>U.S. Geological Survey</publish>
            </pubinfo>
            <onlink>https://pubs.er.usgs.gov/publication/sir20135162</onlink>
          </citeinfo>
        </srccite>
        <typesrc>Digital and/or Hardcopy Resources</typesrc>
        <srctime>
          <timeinfo>
            <rngdates>
              <begdate>19511001</begdate>
              <enddate>19991231</enddate>
            </rngdates>
          </timeinfo>
          <srccurr>publication date</srccurr>
        </srctime>
        <srccitea>ACFB PRMS parameters</srccitea>
        <srccontr>Provides parameters for PRMS example model</srccontr>
      </srcinfo>
      <srcinfo>
        <srccite>
          <citeinfo>
            <origin>USGS</origin>
            <pubdate>2017</pubdate>
            <title>Precipitation-Runoff Modeling System (PRMS)</title>
            <geoform>Other</geoform>
            <pubinfo>
              <pubplace>https://pubs.er.usgs.gov/publication/tm6B7</pubplace>
              <publish>USGS Modeling of Watershed Systems</publish>
            </pubinfo>
            <onlink>http://wwwbrr.cr.usgs.gov/projects/SW_MoWS/PRMS.html</onlink>
          </citeinfo>
        </srccite>
        <typesrc>Computer Program</typesrc>
        <srctime>
          <timeinfo>
            <rngdates>
              <begdate>20170101</begdate>
              <enddate>20170102</enddate>
            </rngdates>
          </timeinfo>
          <srccurr>publication date</srccurr>
        </srctime>
        <srccitea>PRMS version 5</srccitea>
        <srccontr>Used to calculate hydrologic response to landscape, precipitation and temperature</srccontr>
      </srcinfo>
      <srcinfo>
        <srccite>
          <citeinfo>
            <origin>USGS GeoData Portal Team</origin>
            <pubdate>20130101</pubdate>
            <title>USGS Geo Data Portal</title>
            <geoform>Other</geoform>
            <pubinfo>
              <pubplace>Online</pubplace>
              <publish>USGS GeoData Portal Team</publish>
            </pubinfo>
            <onlink>http://cida.usgs.gov/gdp</onlink>
          </citeinfo>
        </srccite>
        <typesrc>Computer Program</typesrc>
        <srctime>
          <timeinfo>
            <rngdates>
              <begdate>20130101</begdate>
              <enddate>20130102</enddate>
            </rngdates>
          </timeinfo>
          <srccurr>publication date</srccurr>
        </srctime>
        <srccitea>GDP</srccitea>
        <srccontr>Provided processing services to transform Maurer data set to PRMS modeling domain.</srccontr>
      </srcinfo>
      <procstep>
        <procdesc>PRMS models were developed for seven test cases, calibrated to streamflow, potential evapotranspiration, and solar radiation data. Streamflow was simulated for a baseline period (1981–1999).</procdesc>
        <procdate>20170227</procdate>
      </procstep>
    </lineage>
  </dataqual>
  <spdoinfo>
    <indspref>Model input and output data are referenced to watershed name.</indspref>
    <direct>Vector</direct>
  </spdoinfo>
  <eainfo>
    <detailed>
      <enttyp>
        <enttypl>baseline_output_files.zip</enttypl>
        <enttypd>PRMS model hydrologic simulations for the baseline and new output scenarios</enttypd>
        <enttypds>Jacob LaFontaine</enttypds>
      </enttyp>
      <attr>
        <attrlabl>baseline_statvar.csv</attrlabl>
        <attrdef>Output file type 'statvar' from the baseline PRMS simulation.</attrdef>
        <attrdefs>Producer defined.</attrdefs>
        <attrdomv>
          <udom>This file contains a time series of PRMS output variables associated with the baseline PRMS simulation.</udom>
        </attrdomv>
      </attr>
      <attr>
        <attrlabl>baseline_prms_summary.csv</attrlabl>
        <attrdef>Output file type 'basin_summary' from the baseline PRMS simulation.</attrdef>
        <attrdefs>Producer defined.</attrdefs>
        <attrdomv>
          <udom>This file contains a time series of PRMS basin-averaged output variables associated with the baseline PRMS simulation.</udom>
        </attrdomv>
      </attr>
      <attr>
        <attrlabl>baseline_nhru_summary_gwres_flow.csv</attrlabl>
        <attrdef>Output file type 'nhru_summary' from the baseline PRMS simulation.</attrdef>
        <attrdefs>Producer defined.</attrdefs>
        <attrdomv>
          <udom>This file contains a time series of PRMS output variables by hydrologic response unit associated with the baseline PRMS simulation. The output variable is gwres_flow.</udom>
        </attrdomv>
      </attr>
      <attr>
        <attrlabl>baseline_nhru_summary_recharge.csv</attrlabl>
        <attrdef>Output file type 'nhru_summary' from the baseline PRMS simulation.</attrdef>
        <attrdefs>Producer defined.</attrdefs>
        <attrdomv>
          <udom>This file contains a time series of PRMS output variables by hydrologic response unit associated with the baseline PRMS simulation. The output variable is recharge.</udom>
        </attrdomv>
      </attr>
      <attr>
        <attrlabl>baseline_nhru_summary_soil_moist.csv</attrlabl>
        <attrdef>Output file type 'nhru_summary' from the baseline PRMS simulation.</attrdef>
        <attrdefs>Producer defined.</attrdefs>
        <attrdomv>
          <udom>This file contains a time series of PRMS output variables by hydrologic response unit associated with the baseline PRMS simulation. The output variable is soil_moist.</udom>
        </attrdomv>
      </attr>
      <attr>
        <attrlabl>baseline_nhru_summary_sroff.csv</attrlabl>
        <attrdef>Output file type 'nhru_summary' from the baseline PRMS simulation.</attrdef>
        <attrdefs>Producer defined.</attrdefs>
        <attrdomv>
          <udom>This file contains a time series of PRMS output variables by hydrologic response unit associated with the baseline PRMS simulation. The output variable is sroff.</udom>
        </attrdomv>
      </attr>
      <attr>
        <attrlabl>baseline_nhru_summary_ssres_flow.csv</attrlabl>
        <attrdef>Output file type 'nhru_summary' from the baseline PRMS simulation.</attrdef>
        <attrdefs>Producer defined.</attrdefs>
        <attrdomv>
          <udom>This file contains a time series of PRMS output variables by hydrologic response unit associated with the baseline PRMS simulation. The output variable is ssres_flow.</udom>
        </attrdomv>
      </attr>
    </detailed>
    <detailed>
      <enttyp>
        <enttypl>dyn_params_output_files.zip</enttypl>
        <enttypd>PRMS model hydrologic simulations for the dynamic parameters scenario</enttypd>
        <enttypds>Jacob LaFontaine</enttypds>
      </enttyp>
      <attr>
        <attrlabl>dyn_params_statvar.csv</attrlabl>
        <attrdef>Output file type 'statvar' from the dynamic parameters PRMS simulation.</attrdef>
        <attrdefs>Producer defined.</attrdefs>
        <attrdomv>
          <udom>This file contains a time series of PRMS output variables associated with the dynamic parameters PRMS simulation.</udom>
        </attrdomv>
      </attr>
    </detailed>
    <detailed>
      <enttyp>
        <enttypl>init_vars_save_output_files.zip</enttypl>
        <enttypd>PRMS model hydrologic simulations for the init_vars_save scenario</enttypd>
        <enttypds>Jacob LaFontaine</enttypds>
      </enttyp>
      <attr>
        <attrlabl>init_vars_save_statvar.csv</attrlabl>
        <attrdef>Output file type 'statvar' from the init_vars_save PRMS simulation.</attrdef>
        <attrdefs>Producer defined.</attrdefs>
        <attrdomv>
          <udom>This file contains a time series of PRMS output variables associated with the init_vars_save PRMS simulation.</udom>
        </attrdomv>
      </attr>
      <attr>
        <attrlabl>spin_up_1983_09_01_ic</attrlabl>
        <attrdef>Output file of PRMS state variables from the init_vars_save PRMS simulation. This file is used as input to the init_vars_use PRMS simulation.</attrdef>
        <attrdefs>Producer defined.</attrdefs>
        <attrdomv>
          <udom>This file contains final values of PRMS state and flux variables from the init_vars_save PRMS simulation.</udom>
        </attrdomv>
      </attr>
    </detailed>
    <detailed>
      <enttyp>
        <enttypl>init_vars_use_output_files.zip</enttypl>
        <enttypd>PRMS model hydrologic simulations for the init_vars_use scenarios</enttypd>
        <enttypds>Jacob LaFontaine</enttypds>
      </enttyp>
      <attr>
        <attrlabl>init_vars_use_statvar.csv</attrlabl>
        <attrdef>Output file type 'statvar' from the init_vars_use PRMS simulation.</attrdef>
        <attrdefs>Producer defined.</attrdefs>
        <attrdomv>
          <udom>This file contains a time series of PRMS output variables associated with the init_vars_use PRMS simulation.</udom>
        </attrdomv>
      </attr>
    </detailed>
    <detailed>
      <enttyp>
        <enttypl>muskingum_lake_flow_replacement_output_files.zip</enttypl>
        <enttypd>PRMS model hydrologic simulations for the muskingum_lake routing with flow replacement scenario</enttypd>
        <enttypds>Jacob LaFontaine</enttypds>
      </enttyp>
      <attr>
        <attrlabl>muskingum_lake_flow_replacement_statvar.csv</attrlabl>
        <attrdef>Output file type 'statvar' from the muskingum_lake routing with flow replacement PRMS simulation.</attrdef>
        <attrdefs>Producer defined.</attrdefs>
        <attrdomv>
          <udom>This file contains a time series of PRMS output variables associated with the muskingum_lake routing with flow replacement PRMS simulation.</udom>
        </attrdomv>
      </attr>
    </detailed>
    <detailed>
      <enttyp>
        <enttypl>muskingum_lake_flow_through_output_files.zip</enttypl>
        <enttypd>PRMS model hydrologic simulations for the muskingum_lake flow through scenario</enttypd>
        <enttypds>Jacob LaFontaine</enttypds>
      </enttyp>
      <attr>
        <attrlabl>muskingum_lake_flow_through_statvar.zip</attrlabl>
        <attrdef>Output file type 'statvar' from the muskingum_lake with flow through PRMS simulation.</attrdef>
        <attrdefs>Producer defined.</attrdefs>
        <attrdomv>
          <udom>This file contains a time series of PRMS output variables associated with the muskingum_lake with flow through PRMS simulation.</udom>
        </attrdomv>
      </attr>
    </detailed>
    <detailed>
      <enttyp>
        <enttypl>water_use_output_files.zip</enttypl>
        <enttypd>PRMS model hydrologic simulations for the water use scenario</enttypd>
        <enttypds>Jacob LaFontaine</enttypds>
      </enttyp>
      <attr>
        <attrlabl>water_use_statvar.csv</attrlabl>
        <attrdef>Output file type 'statvar' from the water use PRMS simulation.</attrdef>
        <attrdefs>Producer defined.</attrdefs>
        <attrdomv>
          <udom>This file contains a time series of PRMS output variables associated with the water use PRMS simulation.</udom>
        </attrdomv>
      </attr>
    </detailed>
  </eainfo>
  <distinfo>
    <distrib>
      <cntinfo>
        <cntperp>
          <cntper>U.S. Geological Survey - ScienceBase</cntper>
          <cntorg>U.S. Geological Survey - ScienceBase</cntorg>
        </cntperp>
        <cntaddr>
          <addrtype>mailing and physical</addrtype>
          <address>Denver Federal Center, Bldg 810, Mail Stop 302</address>
          <city>Denver</city>
          <state>CO</state>
          <postal>80225</postal>
          <country>US</country>
        </cntaddr>
        <cntvoice>1-888-275-8747</cntvoice>
        <cntemail>sciencebase@usgs.gov</cntemail>
      </cntinfo>
    </distrib>
    <distliab>Any use of trade, firm, or product names is for descriptive purposes only and does not imply endorsement by the U.S. Government.&#xD;
                    &#xD;
            The USGS reserves the right to revise the data pursuant to further analysis and review. Furthermore, it is released on condition that neither the USGS nor the U.S. Government may be held liable for any damages resulting from its authorized or unauthorized use.&#xD;
&#xD;
            Although these data have been processed successfully on a computer system at the U.S. Geological Survey, no warranty expressed or implied is made regarding the display or utility of the data on any other system, or for general or scientific purposes, nor shall the act of distribution constitute any such warranty. The U.S. Geological Survey shall not be held liable for improper or incorrect use of the data described and/or contained herein.</distliab>
    <stdorder>
      <digform>
        <digtinfo>
          <formname>csv, xlsx</formname>
          <formvern>Microsoft Office 2010</formvern>
        </digtinfo>
        <digtopt>
          <onlinopt>
            <computer>
              <networka>
                <networkr>https://doi.org/10.5066/F7XG9PCF</networkr>
              </networka>
            </computer>
          </onlinopt>
        </digtopt>
      </digform>
      <fees>None. No fees are applicable for obtaining the data set.</fees>
    </stdorder>
  </distinfo>
  <metainfo>
    <metd>20170522</metd>
    <metc>
      <cntinfo>
        <cntperp>
          <cntper>Jacob H. LaFontaine</cntper>
          <cntorg>South Atlantic Water Science Center</cntorg>
        </cntperp>
        <cntpos>Hydrologist</cntpos>
        <cntaddr>
          <addrtype>mailing and physical</addrtype>
          <address>1770 Corporate Drive, Suite 500</address>
          <city>Norcross</city>
          <state>GA</state>
          <postal>30093</postal>
          <country>US</country>
        </cntaddr>
        <cntvoice>678-924-6664</cntvoice>
        <cntemail>jlafonta@usgs.gov</cntemail>
      </cntinfo>
    </metc>
    <metstdn>Content Standard for Digital Geospatial Metadata</metstdn>
    <metstdv>FGDC-STD-001-1998</metstdv>
  </metainfo>
</metadata>

